,id,content,sentiment
0,1,শুভ নববর্ষ ১৪২৯,positive
1,2,ইংরেজি গ্রামারের সম্পূর্ণ হ্যান্ডনোট। আশা করি উপকৃত হবেন,positive
2,3,আমি মাঠে খেলতে যাচ্ছি,positive
3,4,আমি ফুটবল খেলা পছন্দ করি,positive
4,5,বার্সালোনা আমার প্রিয় ফুটবল ক্লাব,positive
5,6,আমার প্রিয় শখ হল বই পড়া,positive
6,7,আপনার সাথে দেখা হয়ে ভাল লাগলো,positive
7,8,এটা পুরাতন। কিন্তু এটি এখন ও দেখতে ভাল,positive
8,9,বাকস্বাধীনতা টুইটারে ফিরে আসতে পারে,positive
9,10,তাকে দেখে মনে হচ্ছে সে হাসছে,positive
10,11,শুভ জন্মদিন সুস্থ থাক ভালো থাক,positive
11,12,হ্যাঁ খুব ভাল লাগে,positive
12,13,ভীষন ভালো লাগে আর নিজে রান্না করি আমি,positive
13,14,ফাটাফাটি এটি আমার খুব প্রিয় একটা মাছ!,positive
14,15,দীর্ঘ সময় পর এবার ঈদে নতুন গান নিয়ে আসছে জনপ্রিয় রকস্টার জেমস,positive
15,16,মনে আছে কোনও ফসিল্‌স এর কনসার্টে শেষবার ফিরে তাকানো?,positive
16,17,বাঙালির আবেগ ও বাঙালির ভালোবাসা উত্তম কুমার,positive
17,18,তোমাদেরকে খুব মিষ্টি দেখতে লাগছে,positive
18,19,আমার এ দেশ সব মানুষের,positive
19,20,গত বছরের পেঁয়াজের দেওয়া ২৫০ রানের টার্গেটে ব্যাট করছে এ বছরে সয়াবিন তেল!,positive
20,21,আমি এই সম্পর্কে একটি ভাল অনুভূতি পাচ্ছি তাই আমি এই সম্পর্কে উত্তেজিত,positive
21,22,আমি পুরোপুরি স্বাচ্ছন্দ্য বোধ করছি এবং আরামদায়ক বোধ করছি,positive
22,23,আমি আমার জগতে সম্মানিত বোধ করি,positive
23,24,আমি এখন খুব খুশি,positive
24,25,আমি তো অনুভব করি সে কি উদার,positive
25,26,নতুন সকাল নতুন দিন নতুন করে শুরু হোক সব,positive
26,27,আমার বই পড়া ভালো লেগেছে,positive
27,28,Jquery আমার নতুন সেরা বন্ধু,positive
28,29,আমি লেব্রন ভালোবাসি,positive
29,30,আমার আইফোনের জন্য অ্যাপস ডাউনলোড করছি! এত মজা :-) আক্ষরিক অর্থেই যেকোন কিছুর জন্য একটি অ্যাপ রয়েছে।,positive
30,31,"সুসংবাদ, এইমাত্র ভিসা অফিস থেকে কল এসেছে, সব ঠিক আছে.....কি স্বস্তি!",positive
31,32,আমি আজ আনন্দিত,positive
32,33,শীঘ্রই আমার বাবার সাথে স্টার ট্রেক দেখতে যাচ্ছি।,positive
33,34,ফিলিপ আজ GoogleIO-তে থাকায় আমি খুশি,positive
34,35,জাদুঘরে রাত দেখছি। দারুন,positive
35,36,আমি যাদুঘরে রাত পছন্দ করতাম,positive
36,37,সবেমাত্র সিনেমা থেকে ফিরে এসেছি। রাহুলের্ সাথে মিউজিয়ামে নতুন রাত দেখতে গিয়েছিলাম। এটা ভালো ছিল,positive
37,38,দারুণ দাদা...,positive
38,39,দারুন দেখতে রঙটাও খুব সুন্দর।,positive
39,40,অসাধারণ! মনে হচ্ছে যেনো একটু হেঁটে নিই,positive
40,41,প্রকৃতির অপার মহিমা ।,positive
41,42,অসাধারণ সব photography,positive
42,43,"এতো সুন্দর ছবি, মনে হলো এর চেয়ে ভালো আর কিছু নেই। ছবিটা রেখে দিলাম!",positive
43,44,"অপার শান্তির জায়গা , অসাধারণ।",positive
44,45,অদ্ভুত সুন্দর!,positive
45,46,অসাধারণ মনোমুগ্ধকর ছবি ও লেখা,positive
46,47,কি সুন্দর ফুল !,positive
47,48,"দারুন দৃশ্য, দুর্দান্ত ছবি।",positive
48,49,কি সুন্দর লাগলো ছবিটি দেখে ।,positive
49,50,অপুর্ব দৃশ্য! এ তো দেখছি ড্যাফোডিলের সমুদ্র।,positive
50,51,অশেষ ধন্যবাদ ভাই।,positive
51,52,স্বাধীনতা দিবসে আমার সকল বন্ধুদের জানাই অভিনন্দন ও শুভেচ্ছা,positive
52,53,জন্মদিনের বিলম্বিত শুভেচ্ছা,positive
53,54,আজ হাসি হাসি চেহারা হয়েছে,positive
54,55,খুব সুন্দর লাগছে । কি করে বযস কমছে রে? সেই বড মোটা কেটেছিল জন্য আরো বযস কম লাগে। এভাবেই খুশী খুশী থাক।,positive
55,56,বাহ! খুব ভালো লাগছে!,positive
56,57,আরেহ বাহ্ দারুণ ছবি,positive
57,58,শ্বেত শুভ্র বসনে আনন্দে মাতিছ পানে।,positive
58,59,কি সুন্দর বর্ণনা,positive
59,60,বাহ দারুণ শুরুয়াত।,positive
60,61,"বিমান দা, যত ভাল জায়গা তত ভালই বর্ণনা",positive
61,62,দারুণ ভালো হয়েছে সেলফিটা৷,positive
62,63,খুব ই ভালো এটাই রাখো,positive
63,64,ভালো লাগছে ভালো থাকুন।,positive
64,65,ভরসা রাখ ভগবান তোমাকে তারা তারি ভালো করে দেবেন,positive
65,66,"তোকে যে আবার ফিরে পেয়েছি , ঈশ্বর কে অনেক অনেক ধন্যবাদ জানাই",positive
66,67,বিপদ কেটে গেছে,positive
67,68,তাড়াতাড়ি সুস্থ হয়ে ওঠ,positive
68,69,তুমি ও মামা আমার প্রনাম নিও,positive
69,70,শুভ জন্ম অষ্টমী,positive
70,71,ভারী সুন্দর ছবি,positive
71,72,এতো মর্ত্যের পারিজাত,positive
72,73,দারুন সুন্দর ছবি গুলো ।মন ভালো করার ছবি,positive
73,74,অসাধারণ উপস্থাপন ও পরিবেশন,positive
74,75,ধন্যবাদ আপনাদের প্রত্যেক কে,positive
75,76,খুব সুন্দর সত্যিই এটা সোনার ফসল,positive
76,77,অপূর্ব মাধুরী,positive
77,78,হাঁ সত্যিই খুব সুন্দর। চোখজুড়ানো,positive
78,79,ফটোগ্রাফারের মুন্সিয়ানা উত্তরণের আলোয় প্রকৃতি সমুজ্জ্বল,positive
79,80,প্রচেষ্টাকে সাধুবাদ,positive
80,81,ওরে বাবা ছবিটা দারুণ,positive
81,82,দুরন্ত শৈশব,positive
82,83,রিয়ে যাওয়া কত প্রজাতির পাখি বেশ সুন্দর,positive
83,84,অপূর্ব ভাবনা প্রকাশ,positive
84,85,অসাধারণ চিত্রমালা,positive
85,86,স্নিগ্ধ পরশ,positive
86,87,অসম্ভব ভালো,positive
87,88,মা তুজে সালাম,positive
88,89,অসামান্য ছবি,positive
89,90,"অবাক হয়ে ভাবি, প্রকৃতির কতো কিছু যে এ জীবনে দেখিনি, কে জানে",positive
90,91,অনেক অনেক ভালোবাসা,positive
91,92,মনোরম সুন্দর দৃশ্য,positive
92,93,অপরূপ শোভা,positive
93,94,অতুলনীয় কৃষ্ণচূড়া ফুল দেখে হৃদয় ভরে গেলো,positive
94,95,সৃষ্টিশীল মনের প্রতিফলন ছবির মাধ্যে দিয়ে,positive
95,96,শুভ জন্মদিনের অনেক শুভেচ্ছা রইলো ভালো থাক সুস্থ থাক,positive
96,97,শুভ বিবাহবার্ষিকী দুজনেই খুব ভালো থাকো,positive
97,98,বাহ্ খুব সুন্দর একেছে,positive
98,99,ইচ্ছাগুলোকে স্বাধীনতা দাও,positive
99,100,জীবন অনেক মজাদার জিনিস যদি বাঁচার মতো বাঁচতে পারি।,positive
100,101,অসাধারণ কথাগুলো!,positive
101,102,এসো প্রাণের ভাষায় কথা বলি প্রান খুলে!,positive
102,103,শুভ মাতৃ দিবস,positive
103,104,মা মানেই আমাদের কাছে ভালোবাসা,positive
104,105,ভালো থাকবেন,positive
105,106,সত্যি লিখেছেন।ভালো থাকবেন।,positive
106,107,এই পেজ টা খোলামেলা মুক্ত বাতাস এর জায়গা,positive
107,108,বিগত বছরে অনেক শিক্ষার্থী  উপকৃত হয়েছে,positive
108,109,এটা খুব ভাল ছিল,positive
109,110,আমি আমার যথাসাধ্য চেষ্টা করব,positive
110,111,আমি এখন খুব খুশি,positive
111,112,আমি এর জন্য খুব কৃতজ্ঞ,positive
112,113,আমরা একসাথে হাসছিলাম,positive
113,114,আমি ভ্রমণ করতে ভালোবাসি,positive
114,115,আমি সঙ্গীত ভালোবাসি,positive
115,116,মুভিটি খুব সুন্দর,positive
116,117,আমি রান্না করতে ভালবাসে,positive
117,118,এই বৃষ্টি আশ্চর্যজনকভাবে সুন্দর,positive
118,119,বাতাসটা খুবই ভালো লাগছে,positive
119,120,এটা স্বর্গের মতো অভিজ্ঞতা,positive
120,121,বাড়ি হল যেখানে হৃদয় সুখী,positive
121,122,এই লেখাটি খুব সুন্দর,positive
122,123,এটা খুব উৎসাহব্যঞ্জক,positive
123,124,আমি তো হাসি থামাতে পারছি না,positive
124,125,আপনি একটি চমৎকার কাজ করেছেন,positive
125,126,এটা খুব ভাল,positive
126,127,অরিজিৎ সিং-এর এই গানটি খুব ভাল,positive
127,128,টিভি বিজ্ঞাপনে #Guthka সমর্থন করার জন্য ৩ পদ্মশ্রী রিসিভারকে ট্যাগ করা আইএএস অফিসারের দুর্দান্ত কাজ,positive
128,129,আইএএস অফিসারের খুব ভাল post,positive
129,130,শুভকামনা বন্ধু,positive
130,131,ভাল কিন্তু যদি এটি ভাঙ্গা না হয় তবে এটি আরও ভাল,positive
131,132,কবিতাটি এত সুন্দর,positive
132,133,উনি সবসময় মাটির মানুষ,positive
133,134,জনগণের উন্নয়ন হোক,positive
134,135,আজকের দিনটি হাসির জন্য একটি সুন্দর দিন।,positive
135,136,সূর্যরশ্মি বিস্ময়কর,positive
136,137,একেবারে অত্যাশ্চর্য আলো প্রভাব,positive
137,138,"যেখানেই আলো আছে, সেখানেই আশা আছে",positive
138,139,আমি এটা নিয়ে খুব আশাবাদী,positive
139,140,তিনি সুন্দরভাবে এটির জন্য অপেক্ষা করছিলেন,positive
140,145,এই গুড ফ্রাইডে-র জন্য এটা সুন্দর ছবি,positive
141,146,"খুব মহিমান্বিত, এটি ঈশ্বরের সুন্দর সৃষ্টিগুলিকে প্রকাশ করে, বিস্ময়কর",positive
142,147,ঈশ্বর আমাদের জন্য সুন্দর ছবি আঁকেন,positive
143,148,আমি এই ছবিটি সংরক্ষণ করছি...! এটা একেবারে আশ্চর্যজনক ,positive
144,149,এই ছবির জন্য আমার যে ভালবাসা এবং আবেগ রয়েছে তা আমি প্রকাশ করতে পারছি না,positive
145,150,দিনগুলো সুন্দরভাবে কাটানো হয়েছে,positive
146,151,"হে ঈশ্বর, আমরা সবাই কত সুন্দরভাবে আশীর্বাদপ্রাপ্ত",positive
147,152,একেবারে অত্যাশ্চর্য,positive
148,153,কী অসাধারণ একটা ছবি,positive
149,154,একেবারে চমত্কার,positive
150,155,ওটা এত সুন্দর,positive
151,156,আমি ওখানে থাকতে পছন্দ করব,positive
152,157, আমি এই জায়গাটি ভালবাসি,positive
153,158,পরিবেশটা খুবই জাদুকরী।,positive
154,159,আমার প্রিয় রাইড সম্পূর্ণ অসাধারণ,positive
155,160,আমি স্পেনকে ভালোবাসি,positive
156,161,এমনই এক অস্বাভাবিক ফুল। এত সুন্দর রং।,positive
157,162,অসাধারণ সুন্দর রং,positive
158,163,এটি একটি অনন্য গোলাপ। একটি সুন্দর বৈচিত্র্যময় প্যাটার্নে লাল এবং নীল পাপড়ি,positive
159,164,অন্যকে উৎসাহিত করুন,positive
160,165,ভালোবাসা এবং সহানুভূতি পৃথিবীতে প্রাধান্য পায়,positive
161,166,ভালোবাসার সাথে আপনার বিশেষ দিনটি উপভোগ করুন,positive
162,167,আমি প্রতিদিন তোমার জন্য প্রার্থনা করি,positive
163,168,আমি সেদিন খুব ধন্য ছিলাম,positive
164,169,এই জন্য আপনাকে ধন্যবাদ,positive
165,170,অবশ্যই আমি এটা ভালোবাসি,positive
166,171,এটা একদম নিখুঁত!,positive
167,172,তবুও আমরা যদি একে অপরের প্রতি সদয় হওয়ার চেষ্টা করি তবে এটি ভাল,positive
168,173,আমি যখন এখানে আসি তখন আমি মুক্ত অনুভব করি,positive
169,174,ভাল বলেছেন,positive
170,175,আমি আশা করি তারা সবাই আনন্দিত থাকবে,positive
171,176,"এই চরিত্রটি!! তার আনন্দময় হাসি, তার প্রেমময় হৃদয় খুব সুন্দর",positive
172,177,আমি his holiness Dalai Lama কে ভালবাসি এবং শ্রদ্ধা করি,positive
173,178,HH Dalai Lama কে আবার দেখতে পেরে খুব ভাল লাগছে,positive
174,179,ধন্যবাদ এই চমৎকার প্রশিক্ষণের জন্য।,positive
175,180,"নীরবতার চেয়ে বড়, সুন্দর এবং প্রেম-পূর্ণ আর কিছুই নেই, যার মধ্যে সবকিছু অন্তর্ভুক্ত রয়েছে।",positive
176,181,ভাল করেছ অয়ন আমি একমত,positive
177,182,কখনও কখনও আমি নিজেকে আনন্দিত করার জন্য আমার কল্পনা ব্যবহার করি,positive
178,183,আমাদের ভ্রমণের প্রথম বছরটি খুব ভাল হলো,positive
179,184,ওয়াও... প্রিয় ফুল গোলাপ!,positive
180,185,সুখ যেমন বাতাসে থাকে তেমনি ভালোবাসাও থাকে।,positive
181,186,ছেড়ে দেওয়া মানে স্বাধীনতা,positive
182,187,সঙ্গীত আত্মার জন্য খুবই ভালো।,positive
183,188,আমার এই লেখাটি ভালো লেগেছে,positive
184,189,এটা গভীর এবং অর্থপূর্ণ,positive
185,190,ধন্যবাদ এই ধরনের অনুপ্রেরণামূলক পোস্টের জন্য!,positive
186,191,ভালবাসা বিভিন্ন পরিস্থিতিতে কাজ করে,positive
187,192,এটি করা আমাকে আরও ভাল বোধ করায়,positive
188,193,আপনার দিন খুব ভালো কাটুক,positive
189,194,এটা আমাদের জন্য এত ভাল মানায় এবং সারা জীবনের জন্য উপকারী।,positive
190,195,প্রতিদিন আপনার চমৎকার প্রজ্ঞা এবং ইনপুট এর জন্য আপনাকে ধন্যবাদ,positive
191,196,হ্যাঁ সেই পুরানো দিনগুলি ভাল ছিল,positive
192,197,ধন্যবাদ admin আপনি সবসময় আমার মুখে হাসি ফোটান,positive
193,198,এটা জেনে ভালো লাগলো,positive
194,199,সকলকে সুপ্রভাত!শুভ সপ্তাহ,positive
195,200,wow এটি একটি খুব স্মার্ট জিনিস ছিল,positive
196,#negative,,
197,201,আপনার যখন এত কাজ থাকে তখন এটি হতাশাজনক,negative
198,202,আমি তো ভাল বোধ করছি না,negative
199,203,কেন তিনি এটা করলেন?,negative
200,204,আমরা এখানে এই মাছ পাই না,negative
201,205,একটি গান কে বিকৃত করার মধ্যে আমরা যে আনন্দ পাই বা যেভাবে তার প্রচার করি সেটা বোধহয় এই সময়ে দাঁড়িয়ে অরিজিনাল মিউজিক-এর ক্ষেত্রে আমরা ভুলে গেছি,negative
202,206,কেন্দ্র ও রাজ্য সরকারের স্বৈরতান্ত্রিক মনভাব সব ক্ষেত্রে প্রকাশ পাচ্ছে,negative
203,207,"বেঁচে থাকার স্বাধীনতা,মতামত প্রকাশের স্বাধীনতা, নিরাপত্তা সবই কেড়ে নিতে চাইছে সরকার",negative
204,208,আমার সবচেয়ে খারাপ ত্রুটি হল অলসতা এবং পরে আমি দোষী বোধ করি,negative
205,209,তুমি আমাকে ভুলে যাবে আমি ভাবতেই পারিনা,negative
206,210,আসলে কেউ সুখী নয়,negative
207,211,কতো জীবন্ত লাশ মৃত্যুর যন্ত্রণায় কাতরাচ্ছে,negative
208,212,আঁধারে নয় আলোতে ভয়,negative
209,213,আমি যখন এটি করেছিলাম তখন আমি কিছুটা দু: খিত বোধ করছিলাম,negative
210,214,আমি এটি ঘৃণা করি যখন আমি কোনও কারণ ছাড়াই ভয় পাই,negative
211,215,আমি তো ক্ষুব্ধ বোধ করছি এবং এটি দৃশ্যমান,negative
212,216,আমি আমার সর্বকালের প্রিয় লেখকদের মধ্যে একজনের কাছ থেকে একটি বই চুরি করেছি এবং এখন আমি একজন পচা ব্যক্তির মতো অনুভব করছি,negative
213,217,আমি মাঝে মাঝে নিরাপত্তাহীনতায় ভুগি কিন্তু কে না করে,negative
214,218,আমি তো স্কুলের শেষ দুই সপ্তাহ দু:খিত বোধ করছিলাম,negative
215,219,আমি বিরক্ত বোধ করছি,negative
216,220,আমি যখন জিমে যাই তখন আমি একটু নার্ভাস বোধ করি,negative
217,221,আমি যখন একা থাকি তখন আমি যে উদ্বেগ অনুভব করি তা আমি থামাতে পারি না,negative
218,222,আমি স্বীকার করি যে আমি এই মুহুর্তে কিছুটা অপ্রিয় বোধ করছি,negative
219,223,আমি আজ একটু আবেগপ্রবণ বছিলাম,negative
220,224,আমি তো মনে করি আমরা আমাদের ধ্বংস করেছি,negative
221,225,জীবন চলছে না আর সোজা পথে,negative
222,226,আমি দু: খিত!,negative
223,227,"ব্লা, ব্লা, ব্লা একই পুরানো একই পুরানো। আজ কোন প্ল্যান নেই, আবার ঘুমাতে যাবো।",negative
224,228,"এটি একটি ব্যাঙ্ক ছুটির দিন, তবুও আমি এখন কাজের বাইরে আছি। পরীক্ষার মৌসুম খারাপ :(",negative
225,229,আমার দাঁতের ডাক্তার ভুল ছিল... ভুল,negative
226,230,পরিবেশের অপমৃত্যু,negative
227,231,কিন্তু আমি ধৈর্য্য হারাতে বসেছি,negative
228,232,আর ভালো লাগে না এসব,negative
229,233,আমি দিনের পর দিন মানসিক ভাবে ভেঙে পরছি,negative
230,234,জীবনটা নরক হয়ে আছে,negative
231,235,মাঝে মাঝে মনে হয় সুইসাইড করি,negative
232,236,এখন প্রচুর মানসিক চাপে সে,negative
233,237,গত 6 মাস ধরে আমি খুব মানসিক চাপের মধ্যে আছি,negative
234,238,কোনো কিছু তে মন বসে না,negative
235,239,আমি নিজেকে আর সামলাতে পারছি নি সবাই মজা নেই,negative
236,240,আমার কপাল আগাগোড়া ই কখনো ভালো ছিল না,negative
237,241,তবুও এতটা খারাপ এটা কল্পনা ও করতে পারিনি কখনো,negative
238,242,এই রোগের জন্য আমি মানসিকভাবে বিপর্যস্ত,negative
239,243,এগুলি কিছু কিছু মানুষের বাতিক থাকে,negative
240,244,লোকে আমায় বোকা পাগল এসব বলে,negative
241,245,সেলেব্রিটিরা মানুষের কথা ভাবে না।,negative
242,246,চাকরি যখন চপ শিল্পে যায় তখন তো এটা হওয়াই স্বাভাবিক।,negative
243,247,পোস্টটা দেখে মন কেঁপে উঠলো,negative
244,248,নজীরবিহীন ভয়ানক অবস্থা,negative
245,249,লজ্জা আর কষ্ট,negative
246,250,কী ভয়ানক,negative
247,251,বড় দূর্ভাগ্য আমাদের,negative
248,252,কথা বলার ভাষা হারিয়ে গেছে,negative
249,253,আর আমাদের জীবন নিয়ে এই রকম ছিনিমিনি খেলছে,negative
250,254,জীবন টা ধ্বংস করে দিলো,negative
251,255,আমার সাথে কথা বোল্তে এসো না,negative
252,256,অমি তো পারবো না,negative
253,257,দুঃখে থাকিবে চিরকাল,negative
254,258,সে তার মনকে কষ্ট দিচ্ছে,negative
255,259,আর ভালো লাগছে না,negative
256,260,সে তখন কাঁদছিল,negative
257,261,আমি ভাল বোধ করছি না,negative
258,262,জীবনে সবচেয়ে কষ্টের মুহূর্ত মনে হয় এটাই,negative
259,263,এই লেখাটি আমাকে রাগান্বিত করে,negative
260,264,ভাইয়া আমার রাগ বেশি,negative
261,265,আমি তো আমার মনের কাছে একজন বন্দী,negative
262,266,শিক্ষক নিয়োগের কথা বলতেই জোর ধমক মুখ্যমন্ত্রীর,negative
263,267,ভাবতে ঘৃণা হয় এই নেতার জন্যই একদিন গলা ফাটিয়েছিলাম।,negative
264,268,মনুষ্যত্ব বলে কিছুই নেই।,negative
265,269,আর কতদিন কান্না করবেন,negative
266,270,তারা বাংলাটাকে নরকে পরিনত করে ফেলেছে,negative
267,271,এই পাপের কোনো ক্ষমা নেই,negative
268,272,এটা বেদনাদায়ক,negative
269,273,মৃতদেহ দেখে তার কান্নায় চোখ ভিজে গেল,negative
270,274,ও কান্না থামাতে পারল না,negative
271,275,বাংলার মানুষকে অপমান করছে বাঙালি নিজেই,negative
272,276,সত্যি কতই না দুঃখ পেয়েছেন,negative
273,277,যে কোনো মৃত্যুই দুঃখজনক বেদনাদায়ক,negative
274,278,দাদা যতই কষ্ট হোক সময় ফিরবে,negative
275,279,আমার কান্না পাচ্ছে,negative
276,280,একটা অযোগ্য অকর্মণ্য মানুষ,negative
277,281,অভিষেককে নিয়ে টেনশনে আছি,negative
278,282,এটা অগ্রহণযোগ্য,negative
279,283,পিছনে ফিরে তাকাবেন না যে দিনগুলি চলে গেছে তার জন্য,negative
280,284,গাঁজা সেবন করা নিউজ চ্যানেল এ নিজেদের কে পরিণত করবেন না,negative
281,285,আমি এখন শোকাহত,negative
282,286,ভবিষ্যৎ খুবই অন্ধকার।,negative
283,287,দয়া করে এসব পাগল ছাগলদের নিয়ে অনুষ্ঠান করা বন্ধ করুন,negative
284,288,আর বাংলা নিউজ চ্যানেল দেখতে ইচ্ছে করে না,negative
285,289,খুব খারাপ নিউজ,negative
286,290,অর্থনৈতিক সঙ্কট বাড়তেই থাকবে,negative
287,291,ফালতু খবর,negative
288,292,পশ্চিমবঙ্গের সাধারণ মানুষ এমনিতেই গত কয়েক বছর ধরে সমস্যার মধ্যে রয়েছে,negative
289,293,নতুন করে আবার নতুন সমস্যা,negative
290,294,গাঁজা খোর নিউজ আর মাতাল রিপোর্টার,negative
291,295,এটা শুনে খুব খারাপ লাগছে,negative
292,296,আপনার মেরুদন্ড নেই,negative
293,297,কপাল খারাপ,negative
294,298,এরাই পশ্চিমবঙ্গের কলঙ্ক,negative
295,299,রাজনীতির জন্য আর কতো নীচে নামবেন বিধায়ক মশায়,negative
296,300,একজন খারাপ অভিনেতা,negative
297,301,একটা বাজে লোক।,negative
298,302,মালটা ডাক্তার নামের কলঙ্ক,negative
299,303,গরীব আমরা কচু পাতা মাথায় ছাড়া উপায় নাই,negative
300,304,খুব অদক্ষ প্রস্তাব,negative
301,305,এই ফালতু কাজ ছাড়া আর কি আছে ওদের,negative
302,306,কোন আশা নেই,negative
303,307,মনটা  অশান্ত হয়ে গেল,negative
304,308,"কোনও লাভ নেই, খেলা যেমন চলছে তেমনি চলবে",negative
305,309,ভুয়া বলার যত কারসাজি ওই আইপিএল এ,negative
306,310,কিছু ভালো লাগে না,negative
307,311,আমি অসহায় বোধ করছি,negative
308,312,"হ্যাঁ, আপনি ফোন পেয়ে খুশি! তবুও এটা অভিশাপ",negative
309,313,আসল এটা একটা কেলেঙ্কারি,negative
310,314,আমি এটা বিশ্বাস করতে পারছি না,negative
311,315,আমি এটা ঘৃণা করি,negative
312,316,কাল রাত থেকে পিঠে ব্যাথা করছে,negative
313,317,এটা বিরক্তিকর,negative
314,318,অন্ধ বিশ্বাস খারাপ জিনিস,negative
315,319,আমি অন্ধ বিশ্বাসকে ঘৃণা করি,negative
316,320,আমরা তো হেরে গেছি,negative
317,321,ওরা পারল না,negative
318,322,আমি ব্যর্থ হলাম,negative
319,323,technology একটা অভিশাপ,negative
320,324,এই জিনিসটা আমাকে পাগল করে তুলছে,negative
321,325,যন্ত্রটা সম্পূর্ণ অকেজো,negative
322,326,আমি এটি খুঁজে বের করতে প্রায় দুই ঘন্টা ব্যয় করেছি,negative
323,327,এটা আমার শোনা সবচেয়ে খারাপ বক্তৃতা,negative
324,328,আমি ভয় পাচ্ছি,negative
325,329,আমি পরীক্ষায় ফেল করতে চলেছি,negative
326,330,GM পরিস্থিতি নিয়ে খুব বেশি খুশি নন,negative
327,331,দুঃখজনক যদিও,negative
328,332,আমি কখনই মোটর গাড়ি কিনব না,negative
329,333,এই জিএম সম্পর্কে যতই শুনি ততই রেগে যাই,negative
330,334,ওর সকল কথা বাজে কথা,negative
331,335,দুঃখের দিন আসছে,negative
332,336,পুরনো জিনিস নিয়ে মন খারাপ,negative
333,337,আমি জানি জীবনে খুব খারাপও হয়,negative
334,338,আমার ধীর গতির ইন্টারনেট সমস্যা হওয়ার জন্য সে আমার উপর বিরক্ত,negative
335,339,কিছু সমস্যা হচ্ছে,negative
336,340,এটা ওর দোষ,negative
337,341,আমি জানি এটা কতটা দুঃখজনক,negative
338,342,এটা একটি ভাল লক্ষণ নয়,negative
339,343,আমার ডেন্টিস্টকে ভালে লাগে না,negative
340,344,জায়গাটা এখন দুঃস্বপ্ন,negative
341,345,টাকার কী অপচয়,negative
342,346,internet explorer খারাপ,negative
343,347,আমি বিজ্ঞাপনগুলি মিস করি,negative
344,348,সামান্য বিষয়ে অভিযোগ আমি আর নিতে পারছি না,negative
345,349,ইরানে আঘাত করছে,negative
346,350,এসে আমাকে মেরে ফেলতে পারেন,negative
347,351,ইরান থেকে আসা টুইটগুলি পড়া... পুরো বিষয়টিই ভয়ঙ্কর এবং অবিশ্বাস্যভাবে দুঃখজনক,negative
348,352,আমি খুব উৎসাহিত বোধ করছিলাম না,negative
349,353,খুব রাগ করেছে,negative
350,354,এটা কোন মানসম্মত যুক্তি নয়,negative
351,355,এটা শক্তির দম্ভ,negative
352,356,এর জন্য অবশ্যই ফল ভোগ করতে হবে,negative
353,357,সঠিক ব্যাক্ষা দিতে ব্যর্থ হয়েছেন,negative
354,358,আমি তাকে বলেছিলাম ঝামেলায় যাওয়ার দরকার নেই,negative
355,359,উস্কানি দিলেই যুদ্ধ করতে নামাটা বুদ্ধিমানের কাজ নয়,negative
356,360,ফালতু কথা যুদ্ধ কি ছোট খাটো ব্যাপার,negative
357,361,দেশে দেশে দুর্নীতিগ্রস্থদের ই জয়জায়াকার,negative
358,362,এশিয়ান দেশগুলোর জন্য গণতন্ত্র আসলেই জংলিতন্ত্র,negative
359,363,সমষ্টিগতভাবে জনগণ নির্বোধ এটা সর্বজন স্বীকৃত,negative
360,364,মার্কোস পরবর্তী রাজনীতিকদের ব্যর্থতা এ প্রত্যাবর্তনের জন্য দায়ী,negative
361,365,এই পরিবারের কাউকেই কখনো রাষ্ট্রীয় ক্ষমতায় আনা ঠিক হবে না,negative
362,366,আনলে সেটা হবে আত্মঘাতী ফিলিপাইনের জন্য,negative
363,367,এরা জনগনকে শোষণ করে নিজেরা বিলাসী জীবন যাপন করে।,negative
364,368,কারণ চোরে চোরে মাসতুতো ভাই,negative
365,369,ঋণগ্রস্ত হোক আর মানষিক রোগী হোক ঘটনাটি হৃদয় বিদারক!,negative
366,370,খুবই হতাশাজনক,negative
367,371,কোন ভাবেই মেনে নিতে পারছি না।,negative
368,372,এই ব্যক্তি কিভাবে এই ঘটনা ঘটালো আমি বুঝতে পারলাম না,negative
369,373, এই ব্যক্তি কিভাবে এই ঘটনা ঘটালো আমি বুঝতে পারলাম না,negative
370,374,আমাদের দেশে মানুষের তুলনায় মানসিক হাসপাতাল এর সংখ্যা খুবই কম,negative
371,375,হত্যাকাণ্ড ঘটে গেছে এবার দেখবেন কতো কিছু খুজে বের করা হবে।,negative
372,376,ঘটার আগে কিন্তু কারো এবিষয়ে মাথাব্যথা ছিলোনা,negative
373,377,ঘটার আগে কিন্তু কারো এবিষয়ে মাথাব্যথা ছিলোনা,negative
374,378,অত্যন্ত ব্যথীত হয়েছি,negative
375,379,আর কিছু আমি ভাবতে পারছিনা,negative
376,380,এ কেমন বর্বরতা,negative
377,381,দেশ ও দেশের সমাজ যে অনারোগ্য জটিল রোগে আক্রান্ত তার উপসর্গ এগুলো,negative
378,382,দেশে নীরব দূর্ভিক্ষ চলছে,negative
379,383,"আর এদিকে দেশে পারিবারিক কলহে মৃত্যু,আর্থিক দৈন্যদশায় আত্মহত্যা বেড়েই চলেছে",negative
380,384,খুবই নৃশংস ঘটনার শাক্ষি হয়ে রইলাম আমরা,negative
381,385,দিন দিন সামাজিক পরিবেশ কেমন জানি হয়ে যাচ্ছে,negative
382,386,সমাজ খুব ভয়ংকর কিছু উপহার দিচ্ছে আমাদের,negative
383,387,এটা খুব চিন্তার বিষয়,negative
384,388,এই যে ধ্বংশ হয়ে গেল একটা পরিবার,negative
385,389,শুধু মাত্র টাকার জন্য এ জীবন গুলো চলে গেলো,negative
386,390,পৃথিবীর সব অশান্তির কারণ অস্ত্র ব্যবসায়ী পশ্চিমারা,negative
387,391,এত বিদেশি ঋণ কে পরিশোধ করবে ,negative
388,392,ক্ষমতার দম্ভ বেশিদিন থাকেনা,negative
389,393,"আপনি ব্যার্থ,অযোগ্য",negative
390,394,দুর্নীতি ও উন্নয়ন এক সাথে চললে দেশ ও দেশের জনগণ ধ্বংস হয়,negative
391,395,দেশের ১২ টা বাজিয়ে তারপর পদত্যাগ করেছে,negative
392,396,ভাল খবর নাই মনে হয়,negative
393,397,এদেরকে এ লেশন টা শেখানো উচিত,negative
394,398,প্রতি হিংসা ও নিজের সার্থ্য,negative
395,399,ওরা অহংকারী হয়ে উঠেছিল,negative
396,400,অত্যন্ত মর্মাহত হচ্ছি,negative
397,#neutral,,
398,401,গাছ বাঁচলে তবেই ফল পাবেন,neutral
399,402,আমি এইমাত্র বাড়ি পৌঁছালাম ,neutral
400,403,আমি এমনিতেই কল করছি,neutral
401,404,মানুষের মতামতের ভিত্তিতে সত্য কখনো পরিবর্তিত হয়না,neutral
402,405,মানুষের হৃদয় ভরে ওঠে আবার শূন্য হওয়ার জন্য,neutral
403,406,ভাবনার ল্যাম্পপোষ্ট জ্বলছে স্বপ্নের রাজপথে,neutral
404,407,আমার ক্যানন 40D এর জন্য একটি ভাল IR ফিল্টারের জন্য পরামর্শ প্রয়োজন ... কিছু পেয়েছেন?,neutral
405,408,রঙিন এর মাঝে এল ঝলক সাদা কালো.... মন্দ নয়,neutral
406,409,স্মৃতি কখনো মন্দ হতে পারে না,neutral
407,410,যদি মনের অনুভুতি ঠিক থাকে তাহলে সম্পর্কটাও থাকে আজীবন।,neutral
408,411,রোগা হয়ে গিয়েছো তো অনেক,neutral
409,412,সময় পেলে শ্রীমতীর খবর ফোন করে জানাবে,neutral
410,413,"এমনই বরষা ছিল সেদিন, শিয়রে প্রদীপ ছিল মলিন",neutral
411,414,হ্যাঁ আমি খুশি আমি বাঙ্গালী কিন্তু গর্বিত নই,neutral
412,415,প্রত্যেকেই নিজের মতো করে লড়াই করে,neutral
413,416,বাস্তব স্বপ্ন দেখায় না,neutral
414,417,লোকের কথায় কান দিও না,neutral
415,418,হয় জিতবে না হয় শিখবে,neutral
416,419,হাল ছেড়ো না বন্ধু,neutral
417,420,মানুষ বড়োই আজব,neutral
418,421,ট্রেন্ড এখন আর ফলো করি না,neutral
419,422,সেই সময় লিখেছিলাম,neutral
420,423,আসলে মাদার্স ডে বা মায়ের দিন বলে কিছু হয় না,neutral
421,424,প্রত্যেকটা দিনই তো মায়ের দিন,neutral
422,425,"যা আজকে অসম্ভব বলে মনে হচ্ছে, সেটাই কিছুদিন পরে সম্ভবের তালিকায় স্থান পায়",neutral
423,426,আপনি মানুষ চেনার চেষ্টা চালিয়ে যান,neutral
424,427, ভাল খারাপ সবকিছুই মিলিয়ে একটা মানুষ হয়,neutral
425,428,শুধু ভাল বা খারাপ একটা মানুষ কখনোই হয় না,neutral
426,429,ধীরে ধীরে ওষুধেই সেরে যাবে,neutral
427,430,জোর করে সত্যিই কি যার প্রাণ নেই তাকে বাঁচিয়ে রাখা যায়?,neutral
428,431,আমি ই কি একমাত্র যে এদের কাওকেই চিনি না,neutral
429,432,ব্যপারটা নিজেদের মধ্যে সর্ট করে নিলেই তো হয়,neutral
430,433,বললে অনেক কিছুই বলা যায়,neutral
431,434,নিজেদের ব্যাপার নিজেরা মেটানো ভাল,neutral
432,435,আরে জীবনের কিছুই শেষ হয়ে যায়নি,neutral
433,436,নতুন করে শুরু করো,neutral
434,437,এখন practice করতে করতে অনেক টাই আয়ত্তে এসেছে,neutral
435,438,আমারও আপনার মত সেম অবস্থা ছিল,neutral
436,439,লোকে আমায় বোকা পাগল এসব বলে,neutral
437,440,আমরা তো আবহাওয়ার অতিথি,neutral
438,441,মিশিগান স্টেট ইউনিভার্সিটির (এমএসইউ) গবেষকরা মূলত ২০১৪ সালে প্রথম সম্পূর্ণ স্বচ্ছ সৌর কনসেনট্রেটর তৈরি করেছিলেন।,neutral
439,442,ছবিটি দেখে ভারতের মনে হচ্ছে,neutral
440,443,সমগ্র মহাবিশ্ব একটি জীবন্ত জীব।,neutral
441,444,বৈশাখ মাসের ভোরবেলাতেও বিভিন্ন অঞ্চলে ঘন কুয়াশা দেখা যাচ্ছে,neutral
442,445,জলবায়ু পরিবর্তনের সাথে সাথে আরো যে কত কিছু পরিবর্তন হবে এগুলি গবেষণার ব্যাপার,neutral
443,446,হিউমিডিটি সকালে এরকম কুয়াশা পড়লে প্রচুর গরম ফিল হবে,neutral
444,447,অনেক বছর আগেই উনার কাজ দেখে এসেছি,neutral
445,448,দেখতে হবেতো বাড়ি তার কোন জেলায়,neutral
446,449,উনি এই দেশের মন্ত্রী তা এই ঘটনার পর চিনলাম,neutral
447,450,আমার এক বন্ধু রেলের বুকিং সহকারীতে জব করে,neutral
448,451,যাত্রীর বিস্তারিত পরিচয় প্রকাশ করা হোক,neutral
449,452,ফেরাউনের বংশ ধরেরা কেজির ওজনে বিক্রি করে সংসার জীবন চালায়,neutral
450,453,আগে BBC মানে সর্বোচ্চ কোয়ালিটি ভাবতাম,neutral
451,454,দাম এক আকাশ সমান উচ্চতায়,neutral
452,455,যুদ্ধ হচ্ছে রাশিয়া আর আমেরিকার মাঝে আর ভেনূ হচ্ছে ইউক্রেন,neutral
453,456,সব জায়গায় কমেডি করলে চলে না,neutral
454,457,বিবিসি এখন ব্যাক্তিগত আক্রমণ নিয়ে ব্যাস্ত,neutral
455,458,দিল্লির মৌসুম ভবন গতকাল জানিয়েছে যে ঝড়ের সম্ভাব্য গতি মুখ উড়িশা ও অন্ধ্র উপকূল,neutral
456,459,আগের বার ঝড় আসেনি তাই এই নাম দিয়েছে যেন এবার অন্তত আসতে ভুল না হয়,neutral
457,460,এই দেশে সবেই সম্ভব,neutral
458,461,এখন DNA টেস্ট করা সময়ের দাবি,neutral
459,462,ব্রিটিশরাই তো বর্তমান পৃথিবীতে তৈরি ৯০% সমস্যার পেছনে দায়ী,neutral
460,463,ইহুদিদের পরিকল্পনা অনুযায়ী বিশ্বযুদ্ধের মাধ্যমে বিশ্বের কাঠামো তাদের পক্ষে নেয়া হয়েছে,neutral
461,464,বর্তমানে আমেরিকা যা করছে একসময় ব্রিটিশরা তাই করত,neutral
462,465,এক সময় সব সম্রাজ্যের পতন হয়।,neutral
463,466,উসমানীয়দের প্রথম ভূল ছিলো প্রথম বিশ্বযুদ্ধে জড়িয়ে পরা,neutral
464,467,পূথিবীর কোন সম্রাজ্য টিকে থাকতে পারেনি,neutral
465,468,"পৃথীবিতে কারো ক্ষমতা চিরস্থায়ী হয় নাই,আর হবেও না",neutral
466,469,ইতিহাস পড়তে আসি নাই গড়তে আসছি বুঝলে,neutral
467,470,আমি আগে কমেন্ট করেছি,neutral
468,471,সংবাদদাতা নিরপেক্ষ হওয়া উচিৎ,neutral
469,472,আদার ব্যাপারী হয়ে জাহাজের খবর না রাখলেও চলবে,neutral
470,473,রোজ একি কথা,neutral
471,474,রাশিয়াকে ব্যস্ত রেখে অর্থনৈতিক ক্ষতি করে আমেরিকা সফল হলো ,neutral
472,475,সকল সম্ভাবনার এই দেশে সকল কিছুই সম্ভব,neutral
473,476,হতাশ হওয়ার কোনো কারণ নেই।,neutral
474,477,আগামীতে আমার ঘরে ঐরকম হবে মনে হচ্ছে,neutral
475,478,আমার একসাথে খাওয়ার অভ্যাস নাই,neutral
476,479,বড় বড় দেশে এই ধরনের ছোট ছোট দুই একটা ঘটনা হতেই পারে,neutral
477,480,বিতর্কের যৌক্তিক কারণ আছে যে,neutral
478,481,রাশিয়ার অনেক নাগরিক দুবাইতে চাকরি করে,neutral
479,482,কেউই কারো জন্য বসে থাকেনা,neutral
480,483,আমার কথাও একটু বলবেন,neutral
481,484,সেখানে মার্কিন সেনা ঘাঁটি,neutral
482,485,পৃথিবীর অনেক দেশই পারমানবিক শক্তিধর,neutral
483,486,একটি দেশের সব দেশের সাথে সম্পর্ক থাকতে হবে এমন তো কোন নিয়ম বা সংবিধান নেই,neutral
484,487,আমার মনে হয় কিছু ই হবেনা,neutral
485,488,ধোঁয়ায় ঢাকা চুলায় কাবাব বানাচ্ছেন কাশ্মীরের একজন খাবার বিক্রেতা,neutral
486,489,জন্মেছি নীরবে মৃত্যুবরণ করবোও নীরবে,neutral
487,490,আমিও জানতানা জে উনি একজন এমপি,neutral
488,491,সেদিকে আমাদের নজর নেই,neutral
489,492,মাদক দূরের কথা বিড়ি-সিগারেটও খাই না,neutral
490,493,কার্তিকের জন্য স্বেচ্ছায় আউট হতে চেয়েছিলেন ডু প্লেসি,neutral
491,494,ইউক্রেনে বিশেষ সামরিক অভিযান ছিল একমাত্র সঠিক সিদ্ধান্ত: পুতিন,neutral
492,495,বিশ্ববাজারে তেলের দাম বেড়েছে,neutral
493,496,আমি দেখছি,neutral
494,497,১৭০ টা কাজ করলেই তো যথেষ্ট,neutral
495,498,গতকাল দুই বন্ধু মিলে মালবাজার গিয়েছিলাম,neutral
496,499,ফেরার সময় বাসে উঠে সিটে বসলাম,neutral
497,500,মানুষের কত্ত রকমের স্বপ্ন থাকতে পারে রে ভাই,neutral
498,#positive,,
499,501,একটা ভালো খবর দেখলাম সারাদিনে,positive
500,502,উনি অসাধারণ প্রতিভাবান যন্ত্র শিল্পী,positive
501,503,এরাই দেশের রত্ন,positive
502,504,শ্রদ্বা ও ভালবাসা অবিরাম,positive
503,505,সাবাস এগিয়ে যান আমরা আছি আপনার সাথে,positive
504,506,এরাইতো দেশের প্রকৃত সুর্য সন্তান,positive
505,507,ভালোবাসা রইলো উনার জন্য,positive
506,508,তার অসাধারণ প্রতিভা,positive
507,509,স্যলুট জানাই অনাকে,positive
508,510,এ সব মানুষ আমার খুব প্রিয়,positive
509,511,ভাইয়ের জন্য শুভকামনা রহিল,positive
510,512,উনি খুব ভালো মানুষ,positive
511,513,ভারতের উন্নত মানের তরমুজের বীজ আজ বাংলাদেশের কৃষকের মুখে হাসি ফুটিয়েছে,positive
512,514,সুন্দর উপস্থাপনার জন্য বিবিসি বাংলাকে অসংখ্য ধন্যবাদ।,positive
513,515,সত্যিকারের সাহসী মানুষ,positive
514,516,ভগবান সবার মঙ্গল করুক,positive
515,517,শুভকামনা রইলো,positive
516,518,আমার কাছে বিষয়টি ভালো লেগেছে,positive
517,519,ভালো কাজ হয়েছে,positive
518,#negative,,
519,520,কিছু অমানুষের কারনেই আজ তার বদনাম,negative
520,521,মন্ত্রী সাজা পাওয়ার উপযুক্ত,negative
521,522,কেন মিথ্যা তথ্য দিয়ে জাতি কে বিভ্রান্ত করছিলেন,negative
522,523,টিকিট ছাড়া রেল ভ্রমনের অপরাধে তাদেরও শাস্তির আওতায় আনা হোক,negative
523,524,"এ এক অভিশপ্ত তরমুজ যা কৃষককে ঠকিয়ে,মধ্যস্বত্বভোগীদেরকে হাসিয়ে ভোক্তাদেরকে রীতিমতো কাঁদায়",negative
524,525,মানুষের ব্যক্তি স্বাধীনতার উপর হস্তক্ষেপের তীব্র নিন্দা জানাই,negative
525,526,পৃথিবীর সব পরাশক্তিই বিপদজনক,negative
526,527,তাদেরকে নিয়ন্ত্রণ করা কারো সাধ্য নাই,negative
527,528,পশ্চিমাদের জন্য ভয়াবহ,negative
528,529,বড়ই চিন্তার বিষয়,negative
